modelFamily,prediction_horizon,MSE,RMSE,MAE,MAPE,R2,CVRMSE,Training Time (s),Train Loss Final,Validation Loss Final,Overfit Gap,Loss Ratio,GradientBoost_n_estimators,GradientBoost_learning_rate,GradientBoost_max_depth,GradientBoost_subsample
GRADIENT_BOOSTING,1,104305.15845674023,322.963091477556,217.8299167678547,0.6960519259751801,0.9979573442406302,1.0497783885405672,1093.6730649471283,220.92838653185535,322.963091477556,102.03470494570067,1.4618451551086145,200,0.1,7,0.8
GRADIENT_BOOSTING,6,500650.1075536261,707.5663273175358,480.62183629003647,1.5359299649223306,0.9900715274589729,2.2815457481759633,1170.5865156650543,478.58981157078955,707.5663273175358,228.9765157467462,1.478440013161203,200,0.1,7,0.8
GRADIENT_BOOSTING,12,627212.675226458,791.9675973336649,549.5715822188713,1.7603079726964548,0.9874478449609112,2.6099107571579183,1276.9607048034668,520.9739090380701,791.9675973336649,270.9936882955948,1.5201674855386893,200,0.1,7,0.8
GRADIENT_BOOSTING,24,622643.4482812032,789.077593320963,556.0501195198358,1.7852151657322453,0.987901900513917,2.6386669617419134,1489.312528371811,520.5354265734718,789.077593320963,268.54216674749125,1.5158960428788173,200,0.1,7,0.8
GRADIENT_BOOSTING,48,558950.4997650959,747.6299216625134,539.2514666776259,1.7280823636773812,0.9889400853592233,2.426150097237486,1946.1188282966614,492.97199768279836,747.6299216625134,254.65792397971506,1.5165768546220229,200,0.1,7,0.8
