modelFamily,prediction_horizon,MSE,RMSE,MAE,MAPE,R2,CVRMSE,Training Time (s),Train Loss Final,Validation Loss Final,Overfit Gap,Loss Ratio,XGBoost_n_estimators,XGBoost_learning_rate,XGBoost_max_depth,XGBoost_subsample,XGBoost_colsample_bytree,XGBoost_gamma,XGBoost_gpu_id
XGBOOST,1,106482.85921158217,326.3171144938343,222.60073455386382,0.7117369691752582,0.9979146973279092,1.061944113560009,2.214505195617676,261.44438456160043,326.3171144938343,64.87272993223388,1.2481320455247675,100,0.1,7,1,0.8,0,0
XGBOOST,6,538715.3379758882,733.972300550837,497.27326446779574,1.5969785264539915,0.9893166497723146,2.4046447576984398,1.6968340873718262,581.3525233692585,733.972300550837,152.61977718157846,1.262525354318689,100,0.1,7,1,0.8,0,0
XGBOOST,12,723043.4441652572,850.3196129487177,591.583542192949,1.8985080386895459,0.9855300223199696,2.8038896818516266,1.8109636306762695,661.6474698386616,850.3196129487177,188.67214311005614,1.2851550889419445,100,0.1,7,1,0.8,0,0
XGBOOST,24,726315.8265394815,852.2416479728514,607.5159891583044,1.945566815294654,0.9858875233457484,2.8198222148666496,2.1100640296936035,670.6604876089921,852.2416479728514,181.58116036385934,1.2707497515042583,100,0.1,7,1,0.8,0,0
XGBOOST,48,741897.2128701456,861.3345533938283,618.3942078046025,1.9760974503326398,0.9853201314785078,2.7866518493662085,2.614441394805908,669.5955969334476,861.3345533938283,191.73895646038068,1.286350384229659,100,0.1,7,1,0.8,0,0
