modelFamily,prediction_horizon,UNITS_LSTM1,UNITS_LSTM2,DROPOUT_RATE,FEATURE_ATT,TEMPORAL_ATT,DENSE_HIDDEN,EPOCHS,BATCH_SIZE,LR,MSE,RMSE,MAE,MAPE,R2,CVRMSE,Training Time (s),Train Loss Final,Validation Loss Final,Overfit Gap,Loss Ratio
BiLSTM,1,64,32,0.2,True,False,1024,50,32,0.001,180992.9027939524,425.4326066417011,317.2188482855083,0.95829285692807,0.9964555329691537,1.1127298031964754,2653.278276205063,0.00011754052684409544,0.0001233294024132192,5.788875569123775e-06,1.0492500393230506
BiLSTM,6,64,32,0.2,True,False,1024,50,32,0.001,360913.1598283712,600.760484576317,442.99282312930563,1.361943263760573,0.9928906081178245,1.844674134536362,2052.2529060840607,0.00020321203919593245,0.00024592794943600893,4.271591024007648e-05,1.2102036395535147
BiLSTM,12,64,32,0.2,True,False,1024,50,32,0.001,239976.26911574605,489.8737277255702,354.3239408201855,1.1237682384755099,0.995245314203364,1.5932250836590185,2105.7192866802216,0.0001866673119366169,0.00016352103557437658,-2.3146276362240314e-05,0.8760025195514699
BiLSTM,24,64,32,0.2,True,False,1024,50,32,0.001,219986.94812301194,469.0276624283603,344.31487158434976,1.0994426521350433,0.9956896265329126,1.5024219174938271,2312.2429916858673,0.00015819442342035472,0.0001499001809861511,-8.294242434203625e-06,0.9475693121484812
BiLSTM,48,64,32,0.2,True,False,1024,50,32,0.001,188615.03600113755,434.2983260399901,316.2185163063435,1.0161893908031423,0.9963323841817031,1.442444254308025,2597.029438018799,0.00013036270684096962,0.00012852319923695177,-1.8395076040178537e-06,0.9858893110722081
