modelNumber,prediction_horizon,MSE,RMSE,MAE,MAPE,R2,CVRMSE,Training Time (s),Train Loss Final,Validation Loss Final,Overfit Gap,Loss Ratio
52,1,126261.32416726551,355.3326950440467,253.22228994203797,0.8192544507522966,0.9975273665769572,1.1467700714213493,1793.7168066501617,0.00010488957195775583,8.608111966168508e-05,-1.8808452296070755e-05,0.8206832962990274
52,6,226316.898406362,475.7277566070346,337.7828784062892,1.0690890082870501,0.995541931690453,1.526542652868719,1835.7526009082794,0.00012702531239483505,0.00015421667194459587,2.719135954976082e-05,1.2140625284607955
52,12,176904.32429910064,420.5999575595564,297.0003538629715,0.9577939463215527,0.9964949681016054,1.4066567704479307,1898.3105838298798,0.00011602445010794327,0.00012054008402628824,4.5156339183449745e-06,1.038919675242105
52,24,162188.08388751792,402.7258172597306,290.4793419018293,0.9408591175648293,0.99682212413313,1.3766260282362923,2020.1105153560638,0.0001227265747729689,0.0001105150076909922,-1.2211567081976682e-05,0.9004977764223699
52,48,194947.93703855245,441.52908968555226,321.53741206809866,1.0446050751131954,0.9962092410404512,1.5016777293262906,2062.390110015869,0.0001284422178287059,0.00013283711450640112,4.394896677695215e-06,1.034216916773863
