modelNumber,prediction_horizon,MSE,R2,RMSE,MAE,MAPE,MRE,CVRMSE,Training Time (s),Train Loss Final,Validation Loss Final,Overfit Gap,Loss Ratio
44,1,167724.58351531677,0.9967153725513245,409.5419191185644,302.0850260592608,0.9132906461806487,0.9132906461806487,1.1771551781580067,865.6017882823944,0.00011473149788798764,0.00011428838479332626,-4.431130946613848e-07,0.9961378252457403
44,6,215379.76063918154,0.9957573752018318,464.0902505323523,332.36366351242407,1.0548534252451371,1.0548534252451371,1.4837798106455742,893.9502744674683,0.0001460532221244648,0.00014676085265818983,7.076305337250233e-07,1.0048450182983433
44,12,231735.666737474,0.9954085864936953,481.38930891480544,342.4918753167068,1.0949684240082538,1.0949684240082538,1.6208407209086642,913.0361597537994,0.00014623484457843006,0.00015790577162988484,1.1670927051454782e-05,1.0798094810104941
44,24,259600.9931297947,0.9949134380818334,509.510542707209,376.0787670734049,1.190215765472796,1.190215765472796,1.6676570925794296,1003.9455411434174,0.00013740982103627175,0.0001768934598658234,3.948363882955164e-05,1.2873421894576897
44,48,154703.00743000154,0.9969918029377841,393.3230319088898,284.5134799705743,0.9112450144742672,0.9112450144742672,1.3189680101210592,1122.5030944347382,0.0001465928799007088,0.00010541537631070241,-4.117750359000638e-05,0.7191029767755638
