modelNumber,prediction_horizon,MSE,R2,RMSE,MAE,MAPE,MRE,CVRMSE,Training Time (s),Train Loss Final,Validation Loss Final,Overfit Gap,Loss Ratio
89,1,99383.31093876979,0.9980537310380626,315.2511870537045,217.623823549116,0.6956953062996537,0.6956953062996537,1.0324142373138596,2061.7580938339233,9.557313023833558e-05,6.772028427803889e-05,-2.785284596029669e-05,0.70857032838792
89,6,204440.61205843277,0.9959728583229096,452.1510942798135,321.73324521248827,1.0280650222761623,1.0280650222761623,1.4797436815065226,2176.0659325122833,0.00013013093848712742,0.0001393067796016112,9.175841114483774e-06,1.0705123717784564
89,12,200150.65557194367,0.9960343850550644,447.3820018417635,317.9346762006013,1.0205135503363434,1.0205135503363434,1.528263567295892,2271.8947048187256,0.00011566433386178687,0.00013638363452628255,2.0719300664495677e-05,1.1791330133734588
89,24,136745.82261909143,0.9973206339258692,369.7915934943511,264.42197819286633,0.8438263302949994,0.8438263302949994,1.2501188958559217,2410.4410066604614,0.00016630228492431343,9.317925287177786e-05,-7.312303205253556e-05,0.560300496858387
89,48,179403.0588441527,0.9965115109038089,423.55998258116017,304.96925031221383,0.979133026296959,0.979133026296959,1.409239895699845,2640.6296079158783,0.00011887645086972043,0.0001222461141878739,3.3696633181534708e-06,1.0283459280076115
