modelNumber,prediction_horizon,MSE,R2,RMSE,MAE,MAPE,MRE,CVRMSE,Training Time (s),Train Loss Final,Validation Loss Final,Overfit Gap,Loss Ratio
44,1,112902.9240926669,0.9977889702526724,336.01030355134486,237.30787789067142,0.7695720765275635,0.7695720765275635,1.1191256951128743,886.8786909580231,0.00011112912034150213,7.693257066421211e-05,-3.419654967729002e-05,0.6922809289572048
44,6,299628.05523153394,0.994097823242167,547.3829146324664,406.62261016856917,1.2748831185999494,1.2748831185999494,1.5292347433033908,929.2340078353882,0.00014927862503100187,0.0002041679690591991,5.488934402819723e-05,1.367697277602858
44,12,230876.22085341162,0.9954256148238423,480.4958073213663,350.24262379096297,1.1090929963516938,1.1090929963516938,1.5661929434500683,961.0964312553406,0.0001416567392880097,0.00015732010069768876,1.5663361409679055e-05,1.1105726525148447
44,24,238648.32969352338,0.9953239797312863,488.51645795563877,357.1817575110909,1.1407759258934462,1.1407759258934462,1.6179148326288635,1062.1756510734558,0.00014253679546527565,0.00016261609562207013,2.007930015679449e-05,1.1408709946877271
44,48,213545.37088609827,0.9958476142899805,462.10969572829595,339.9050232676361,1.0757602458384403,1.0757602458384403,1.4674275375897547,1174.4866631031036,0.00010761446901597083,0.0001455108867958188,3.789641777984798e-05,1.3521498375299688
