modelNumber,prediction_horizon,MSE,R2,RMSE,MAE,MAPE,MRE,CVRMSE,Training Time (s),Train Loss Final,Validation Loss Final,Overfit Gap,Loss Ratio
89,1,122179.1197055755,0.997607310259302,349.5412989985239,252.9857279195968,0.796452231313226,0.796452231313226,1.047920934515253,1697.294037103653,9.855351527221501e-05,8.325340604642406e-05,-1.5300109225790948e-05,0.8447532877591382
89,6,242884.03025444012,0.9952155866141813,492.83265948437315,344.7798094894514,1.103220449286205,1.103220449286205,1.624353154926923,1780.978824853897,0.00016302107542287558,0.00016550229338463396,2.481217961758375e-06,1.0152202281534588
89,12,219517.40614293457,0.9956506687225862,468.52684676860787,335.45217215608966,1.0659514056024244,1.0659514056024244,1.5356814447907188,1879.9573125839233,0.00014722753257956356,0.000149580228026025,2.352695446461439e-06,1.0159799964397964
89,24,174870.9382814154,0.9965736192125753,418.17572655692896,304.3575066172883,0.9728202200982649,0.9728202200982649,1.393360921132571,2109.6992337703705,0.00012053869431838393,0.00011915785580640659,-1.3808385119773448e-06,0.9885444377858443
89,48,146315.533719999,0.9971548972059111,382.51213538919126,276.6552318851998,0.8846495697754083,0.8846495697754083,1.2849717724559246,2482.146582365036,0.00014630710938945413,9.970012615667656e-05,-4.6606983232777566e-05,0.6814441661292434
