architecture,d_model,num_heads,ff_dim,num_layers,dropout_rate,learning_rate,epochs,batch_size,prediction_horizon,MSE,R2,RMSE,MAE,MAPE,CVRMSE,Training Time (s),Train Loss Final,Validation Loss Final,Overfit Gap,Loss Ratio
encoder,64,4,128,2,0.0,0.001,50,64,1,128617.03900693454,0.9974812335327637,358.63217787439896,259.1738837143133,0.8360100004871335,1.1281481256764294,182.98437213897705,0.00010958770144497976,8.764025551499799e-05,-2.1947445929981768e-05,0.799727107690083
encoder,64,4,128,2,0.0,0.001,50,64,6,380517.62522618973,0.9925044325978742,616.8611069164515,430.59670455244964,1.3698401292567022,1.9286311515230037,185.67902135849,0.00025472804554738104,0.0002592859964352101,4.557950887829065e-06,1.0178934003047626
encoder,64,4,128,2,0.0,0.001,50,64,12,524009.39886978926,0.9896177232220066,723.8849348272067,523.5832877897645,1.6603719551187612,2.27052770552082,182.69374227523804,0.00029500926029868424,0.0003570625267457217,6.205326644703746e-05,1.210343452894364
encoder,64,4,128,2,0.0,0.001,50,64,24,505628.8563250372,0.9900928249376028,711.0758442845863,512.7346525175367,1.6319288275881731,2.3117452624064168,186.7513885498047,0.0003215577162336558,0.00034493496059440076,2.3377244360744953e-05,1.0726999949948586
encoder,64,4,128,2,0.0,0.001,50,64,48,537451.3331075425,0.9895492689625334,733.110723634256,534.4457194619072,1.7216678644270016,2.4452731095179705,199.04195833206177,0.00033612511469982564,0.0003662366361822933,3.011152148246765e-05,1.0895842653987893
