num_layers,epochs,batch_size,MSE,R2,MAE,MAPE,MRE,RMSE,CVRMSE,SDE,Training Time (s)
EncDec_LSTM,100,64,48911165.37600965,0.025875201011761884,5816.681733698422,19.216101419010478,19.216101419010478,6993.6517911610135,23.550607210572565,6993.5735642729405,1362.510371208191
