num_layers,dropout,epochs,batch_size,MSE,R2,MAE,MAPE,RMSE,Training Time (s)
2,True,10,32,88.42663702138657,0.9201277530251943,4.739794117609734,20.00313537682443,9.403543854387374,310.626496553421
2,True,20,32,98.57415178258132,0.9109619085185147,6.721181492692766,82.06051181266709,9.928451630671388,1101.2752730846405