modelFamily,prediction_horizon,UNITS_LSTM1,UNITS_LSTM2,DROPOUT_RATE,FEATURE_ATT,TEMPORAL_ATT,DENSE_HIDDEN,EPOCHS,BATCH_SIZE,LR,MSE,R2,RMSE,MAE,MAPE,MRE,CVRMSE,Training Time (s),Train Loss Final,Validation Loss Final,Overfit Gap,Loss Ratio
BiLSTM,1,64,32,0.0,False,True,1024,50,32,0.001,97881.42149751858,0.9980831432278574,312.8600669588859,214.82484019255295,0.6842991941778626,0.6842991941778626,1.0106395392713128,1748.019911289215,9.196351311402395e-05,6.669689173577353e-05,-2.526662137825042e-05,0.7252538477197714
BiLSTM,6,64,32,0.0,False,True,1024,50,32,0.001,196291.91510820654,0.9961333741654902,443.0484342689934,311.22658808772786,0.9927613254425144,0.9927613254425144,1.4542905149818968,1901.7159457206726,0.0001284088648390025,0.00013375420530792326,5.345340468920767e-06,1.0416275034875722
BiLSTM,12,64,32,0.0,False,True,1024,50,32,0.001,157826.57052443098,0.9968729584972323,397.2739237911683,282.7600418758665,0.9064593410962138,0.9064593410962138,1.3510601238785216,2016.767646074295,9.861309081315994e-05,0.00010754376125987619,8.930670446716249e-06,1.0905627272512632
BiLSTM,24,64,32,0.0,False,True,1024,50,32,0.001,127805.84195604705,0.9974958018427618,357.4994293087012,253.53142388166106,0.8094257200209016,0.8094257200209016,1.1969964161524782,2228.973625898361,8.004726987564936e-05,8.708749373909086e-05,7.040223863441497e-06,1.0879508304827665
BiLSTM,48,64,32,0.0,False,True,1024,50,32,0.001,123395.77521469252,0.9976005714778451,351.2773479954159,254.1489647373194,0.8113912230930335,0.8113912230930335,1.1545470808790954,2649.5034584999084,6.679748184978962e-05,8.40824723127298e-05,1.7284990462940186e-05,1.2587670969664648
