modelNumber,prediction_horizon,MSE,RMSE,MAE,MAPE,R2,CVRMSE,Training Time (s),Train Loss Final,Validation Loss Final,Overfit Gap,Loss Ratio
35,1,121244.156969405,348.20131672554743,251.5002229304187,0.8038431778908568,0.9976256200634008,1.0953789372447298,643.8821697235107,0.00010677984391804785,8.261638140538707e-05,-2.416346251266077e-05,0.7737076434462115
35,6,254242.4910322035,504.2246434201759,353.015730632913,1.1264652774541808,0.994991843736848,1.621265409678202,659.1631157398224,0.00017542924615554512,0.0001732421515043825,-2.1870946511626244e-06,0.9875328960302125
35,12,214478.25832047148,463.1179745167223,327.93881520422224,1.0521447133165,0.9957505101138492,1.526243576520654,665.3946361541748,0.0001321832969551906,0.00014614654355682433,1.3963246601633728e-05,1.1056354843862548
35,24,232943.95324287226,482.6426765660826,352.005899524469,1.1163773232502607,0.9954357499663341,1.5398864230083327,668.724472284317,0.00012837801477871835,0.0001587291044415906,3.0351089662872255e-05,1.236419683815703
35,48,194243.51698098902,440.73066262853666,320.03823341614657,1.0323593947905951,0.9962229384751871,1.485244381894687,625.6763119697571,0.0001318804279435426,0.00013235847291070968,4.780449671670794e-07,1.0036248363356215
