modelNumber,prediction_horizon,MSE,R2,RMSE,MAE,MAPE,MRE,CVRMSE,Training Time (s),Train Loss Final,Validation Loss Final,Overfit Gap,Loss Ratio
18,1,120227.81110145843,0.9976455236306969,346.73882260493764,250.89815443548193,0.8132215408024122,0.8132215408024122,1.080535576373995,375.0376467704773,9.582359780324623e-05,8.197787246899679e-05,-1.3845725334249437e-05,0.8555081874229066
18,6,331252.4274504778,0.9934748754526235,575.5453304914199,395.7162388219118,1.274488241898635,1.274488241898635,1.903969715115598,393.07695388793945,0.0002211802056990564,0.0002257791202282533,4.598914529196918e-06,1.0207926134920695
18,12,314499.4429695787,0.9937687753874691,560.8024990757252,407.40977667996566,1.3118480401804973,1.3118480401804973,1.8467955082387317,410.567015171051,0.0002120952121913433,0.0002144212048733607,2.325992682017386e-06,1.0109667382775194
18,24,931601.9990845128,0.9817464055345044,965.1953165471291,605.4209274136429,1.9484544136306279,1.9484544136306279,3.216486273403232,431.7950768470764,0.00019949999114032835,0.0006347979651764035,0.0004352979740360752,3.1819448289092227
18,48,325808.53086428746,0.9936646592611698,570.796400535504,418.01133641672703,1.3433141436639886,1.3433141436639886,1.9018898957844983,450.4951057434082,0.00022208888549357653,0.00022200726380106062,-8.162169251590967e-08,0.9996324818671835
