architecture,d_model,num_heads,ff_dim,num_layers,dropout_rate,learning_rate,epochs,batch_size,prediction_horizon,MSE,R2,RMSE,MAE,MAPE,CVRMSE,Training Time (s),Train Loss Final,Validation Loss Final,Overfit Gap,Loss Ratio
encdec,32,4,128,2,0.0,0.001,50,64,1,219428.39473534713,0.9957028331013819,468.43184641455275,370.81986293903805,1.168813560105024,1.1320141149770548,173.20581984519958,0.00010521779768168926,0.00014951953198760748,4.430173430591822e-05,1.4210479147258175
encdec,32,4,128,2,0.0,0.001,50,64,6,1095906.6565080949,0.9784124527598114,1046.855604421209,727.8493767126834,2.2972109992516048,3.221605972763358,178.50371170043945,0.0007749854703433812,0.0007467561517842114,-2.822931855916977e-05,0.963574389921579
encdec,32,4,128,2,0.0,0.001,50,64,12,3042501.631484711,0.9397184590511128,1744.2768219192478,1237.3629974086145,3.903999350872741,5.451974333900281,187.97082781791687,0.00209294562228024,0.0020731750410050154,-1.9770581275224686e-05,0.9905537052349765
encdec,32,4,128,2,0.0,0.001,50,64,24,8629113.560084786,0.8309231413443898,2937.535286611003,2169.829305933265,6.848844195675271,9.198453019561734,202.376323223114,0.0058435918763279915,0.005879920441657305,3.632856532931328e-05,1.00621682110903
encdec,32,4,128,2,0.0,0.001,50,64,48,20931371.69327661,0.5929898721306064,4575.081605094778,3672.9346098849023,11.651324986726582,14.621814352677292,217.18981647491455,0.01423116959631443,0.014262760058045387,3.159046173095703e-05,1.0022198078321782
